date,lat,lon,rain_mm
2025-07-01,22.0,22.5,17.1
2025-07-02,22.0,22.5,29.7
2025-07-03,22.0,22.5,12.9
2025-07-04,22.0,22.5,21.3
2025-07-05,22.0,22.5,13.2
2025-07-06,22.0,22.5,16.8
2025-07-07,22.0,22.5,6.8
2025-07-08,22.0,22.5,14.5
2025-07-09,22.0,22.5,28.7
2025-07-10,22.0,22.5,0.0
2025-07-11,22.0,22.5,87.6
2025-07-12,22.0,22.5,90.0
2025-07-13,22.0,22.5,66.8
2025-07-14,22.0,22.5,90.6
2025-07-15,22.0,22.5,89.8
2025-07-16,22.0,22.5,83.8
2025-07-17,22.0,22.5,109.0
2025-07-18,22.0,22.5,30.3
2025-07-19,22.0,22.5,10.5
2025-07-20,22.0,22.5,30.3
2025-07-21,22.0,22.5,44.0
2025-07-22,22.0,22.5,19.2
2025-07-23,22.0,22.5,4.7
2025-07-24,22.0,22.5,28.5
2025-07-25,22.0,22.5,11.6
2025-07-26,22.0,22.5,28.0
2025-07-27,22.0,22.5,39.7
2025-07-28,22.0,22.5,16.1
2025-07-29,22.0,22.5,8.7
2025-07-30,22.0,22.5,33.9
